file,animal,chroma_0,chroma_1,chroma_2,chroma_3,chroma_4,chroma_5,chroma_6,chroma_7,chroma_8,chroma_9,chroma_10,chroma_11
audio-dataset/cats_dogs/cat_74.wav,1,0.2536854147911072,0.20895761251449585,0.2357301115989685,0.41537195444107056,0.6260887384414673,0.21951237320899963,0.11060558259487152,0.19850720465183258,0.24987590312957764,0.16399307548999786,0.24963265657424927,0.5325618386268616
audio-dataset/cats_dogs/dog_barking_63.wav,0,0.12452919781208038,0.2286185771226883,0.4846368134021759,0.4359627962112427,0.3146809935569763,0.29914334416389465,0.34539034962654114,0.2371072918176651,0.07069041579961777,0.034080494195222855,0.021758876740932465,0.05511769652366638
audio-dataset/cats_dogs/cat_60.wav,1,0.14857198297977448,0.22472470998764038,0.3967015743255615,0.5531819462776184,0.3556157946586609,0.2328135371208191,0.2164458930492401,0.2683614492416382,0.31325095891952515,0.4866935610771179,0.6666819453239441,0.2875710725784302
audio-dataset/cats_dogs/dog_barking_77.wav,0,0.492111474275589,0.46040236949920654,0.26537033915519714,0.1532168835401535,0.1643543690443039,0.264637291431427,0.3715510964393616,0.2775998115539551,0.1058596596121788,0.13839198648929596,0.20401762425899506,0.32411399483680725
audio-dataset/cats_dogs/cat_48.wav,1,0.045169368386268616,0.016570478677749634,0.03634294122457504,0.06975296884775162,0.15091979503631592,0.14174792170524597,0.1987168937921524,0.27854016423225403,0.3395709693431854,0.4320448040962219,0.37933170795440674,0.19510361552238464
audio-dataset/cats_dogs/dog_barking_88.wav,0,0.3073526918888092,0.3892425298690796,0.5316898226737976,0.5250242352485657,0.49834784865379333,0.3697267174720764,0.21392861008644104,0.130822092294693,0.11898570507764816,0.14427122473716736,0.1687757670879364,0.23299115896224976
audio-dataset/cats_dogs/cat_126.wav,1,0.425936758518219,0.3237183094024658,0.2523139417171478,0.19355392456054688,0.1363195776939392,0.12305472046136856,0.1489039659500122,0.23469145596027374,0.24291884899139404,0.2772746980190277,0.2772050201892853,0.2982713282108307
audio-dataset/cats_dogs/cat_132.wav,1,0.30493566393852234,0.33156824111938477,0.21920575201511383,0.14485783874988556,0.1330191195011139,0.16111037135124207,0.18873007595539093,0.3496214747428894,0.5430682897567749,0.4526398479938507,0.2768927812576294,0.27168524265289307
audio-dataset/cats_dogs/cat_133.wav,1,0.3672868609428406,0.328097939491272,0.2414488047361374,0.25241678953170776,0.33030882477760315,0.4046145975589752,0.4488599896430969,0.43841397762298584,0.4406547546386719,0.38354751467704773,0.5036635398864746,0.540040910243988
audio-dataset/cats_dogs/cat_127.wav,1,0.4340609908103943,0.24272461235523224,0.13879510760307312,0.11045926809310913,0.09002786874771118,0.08201240003108978,0.108676478266716,0.19724130630493164,0.2309655398130417,0.2474178969860077,0.27754998207092285,0.38207754492759705
audio-dataset/cats_dogs/dog_barking_89.wav,0,0.0961342602968216,0.1032390370965004,0.12781985104084015,0.18715961277484894,0.39461594820022583,0.517638087272644,0.45464563369750977,0.33438825607299805,0.2965484857559204,0.2491718828678131,0.14571985602378845,0.10789136588573456
audio-dataset/cats_dogs/cat_49.wav,1,0.11506598442792892,0.12619566917419434,0.11038585752248764,0.10650040209293365,0.15924522280693054,0.1285070776939392,0.10899060219526291,0.114567331969738,0.10384237766265869,0.09686855971813202,0.10620474815368652,0.12001833319664001
audio-dataset/cats_dogs/dog_barking_76.wav,0,0.046965546905994415,0.11493536829948425,0.28059354424476624,0.5389618873596191,0.6389912366867065,0.37466591596603394,0.20587947964668274,0.1875740885734558,0.08859479427337646,0.030023444443941116,0.02912362478673458,0.050856806337833405
audio-dataset/cats_dogs/cat_61.wav,1,0.2633499205112457,0.29906150698661804,0.3078252673149109,0.30821943283081055,0.2208305448293686,0.2340082973241806,0.23475778102874756,0.2371121644973755,0.2564757168292999,0.26519787311553955,0.3244159519672394,0.25641483068466187
audio-dataset/cats_dogs/dog_barking_62.wav,0,0.5565928816795349,0.4764676094055176,0.3573164641857147,0.2807200849056244,0.26603198051452637,0.2268410176038742,0.1515149027109146,0.07145290821790695,0.02872568368911743,0.042881738394498825,0.1356320083141327,0.326139897108078
audio-dataset/cats_dogs/cat_75.wav,1,0.2403954118490219,0.05993301793932915,0.04911690205335617,0.04824938252568245,0.12283319234848022,0.24961243569850922,0.1602398306131363,0.07054976373910904,0.09107349812984467,0.22176200151443481,0.3875207304954529,0.4519151449203491
audio-dataset/cats_dogs/cat_9.wav,1,0.1536593735218048,0.28590303659439087,0.25362345576286316,0.06337902694940567,0.04966064542531967,0.029724914580583572,0.0161175224930048,0.22280356287956238,0.5726638436317444,0.2065279334783554,0.10859365016222,0.15767550468444824
audio-dataset/cats_dogs/cat_63.wav,1,0.18529871106147766,0.12298081070184708,0.09120334684848785,0.10950543731451035,0.1981511265039444,0.33178234100341797,0.4436417818069458,0.4901207685470581,0.40756845474243164,0.36552807688713074,0.3500906527042389,0.29069164395332336
audio-dataset/cats_dogs/dog_barking_74.wav,0,0.07117971777915955,0.29157570004463196,0.5662000775337219,0.7054147124290466,0.4099942147731781,0.22526341676712036,0.14851278066635132,0.0861859917640686,0.03947247192263603,0.04401029273867607,0.035838380455970764,0.0320870578289032
audio-dataset/cats_dogs/cat_77.wav,1,0.010860704816877842,0.012983324006199837,0.01365119218826294,0.028302954509854317,0.05079573392868042,0.04818926006555557,0.1702040731906891,0.7197515964508057,0.7370426058769226,0.289819598197937,0.06886275857686996,0.014791525900363922
audio-dataset/cats_dogs/dog_barking_60.wav,0,0.18834556639194489,0.4080032408237457,0.5668421387672424,0.5575377941131592,0.27097368240356445,0.1898013800382614,0.28138890862464905,0.2313813716173172,0.09972435981035233,0.07122483849525452,0.072060227394104,0.09135938435792923
audio-dataset/cats_dogs/dog_barking_48.wav,0,0.288635790348053,0.2632121741771698,0.2802007794380188,0.3116380572319031,0.3539755344390869,0.319286048412323,0.31666526198387146,0.26834723353385925,0.10553738474845886,0.04753624275326729,0.09613019227981567,0.23884141445159912
audio-dataset/cats_dogs/cat_88.wav,1,0.3998468220233917,0.3469823896884918,0.35672521591186523,0.38315409421920776,0.35649457573890686,0.3691035509109497,0.37792932987213135,0.40692412853240967,0.472865492105484,0.5174708366394043,0.5185481905937195,0.48360297083854675
audio-dataset/cats_dogs/cat_131.wav,1,0.6063839793205261,0.5158474445343018,0.4354814291000366,0.3807872533798218,0.37174078822135925,0.34792032837867737,0.38205260038375854,0.5474706292152405,0.7276320457458496,0.990989625453949,1.0,0.7865462303161621
audio-dataset/cats_dogs/cat_125.wav,1,0.24540607631206512,0.2638758718967438,0.2872421443462372,0.36679333448410034,0.4453088343143463,0.4017546474933624,0.3115638494491577,0.2946476936340332,0.2973763644695282,0.288939505815506,0.2574225068092346,0.23902635276317596
audio-dataset/cats_dogs/cat_119.wav,1,0.33885228633880615,0.3836314082145691,0.4457353353500366,0.4725692868232727,0.44148018956184387,0.33049798011779785,0.2569112777709961,0.29484400153160095,0.3134485185146332,0.37023571133613586,0.3857673406600952,0.38308849930763245
audio-dataset/cats_dogs/cat_118.wav,1,0.3278454840183258,0.24061165750026703,0.2692601978778839,0.4308421015739441,0.4024059474468231,0.34272199869155884,0.47903838753700256,0.5453096628189087,0.5051822662353516,0.43134605884552,0.2850459814071655,0.30096545815467834
audio-dataset/cats_dogs/cat_124.wav,1,0.07193399965763092,0.13741366565227509,0.2241058647632599,0.47012388706207275,0.4790416359901428,0.07321693748235703,0.12040791660547256,0.36763784289360046,0.34129172563552856,0.2278304547071457,0.2282024323940277,0.13678774237632751
audio-dataset/cats_dogs/cat_130.wav,1,0.35902664065361023,0.5235232710838318,0.5118257403373718,0.249655082821846,0.13539385795593262,0.1297796666622162,0.1104578748345375,0.1164461001753807,0.18690896034240723,0.4032633304595947,0.41657310724258423,0.3502821624279022
audio-dataset/cats_dogs/cat_89.wav,1,0.4170936644077301,0.3624400794506073,0.3296121656894684,0.34172409772872925,0.3706090450286865,0.421346515417099,0.4828698933124542,0.5358014702796936,0.5837219953536987,0.6520389318466187,0.6198170781135559,0.5030407905578613
audio-dataset/cats_dogs/dog_barking_49.wav,0,0.3255848288536072,0.38405460119247437,0.46067947149276733,0.4265119135379791,0.41445258259773254,0.3618449866771698,0.25263696908950806,0.14264558255672455,0.07565125077962875,0.053208447992801666,0.1020149514079094,0.20611323416233063
audio-dataset/cats_dogs/dog_barking_61.wav,0,0.43279412388801575,0.4595159888267517,0.39034029841423035,0.24502567946910858,0.21344567835330963,0.26912426948547363,0.23960965871810913,0.1436707228422165,0.052839621901512146,0.024669848382472992,0.06824968755245209,0.18027856945991516
audio-dataset/cats_dogs/cat_76.wav,1,0.06946402788162231,0.0878322497010231,0.08153413236141205,0.04023789241909981,0.09813760221004486,0.36356207728385925,0.6255455017089844,0.5788289308547974,0.277024507522583,0.03675331920385361,0.011548897251486778,0.018859507516026497
audio-dataset/cats_dogs/dog_barking_75.wav,0,0.09855011850595474,0.2732570171356201,0.6103673577308655,0.692328691482544,0.49431532621383667,0.2676733732223511,0.13208945095539093,0.08202062547206879,0.052924998104572296,0.056455112993717194,0.060498423874378204,0.05709344521164894
audio-dataset/cats_dogs/cat_62.wav,1,0.16907618939876556,0.16082380712032318,0.1314527988433838,0.1376200169324875,0.15563040971755981,0.23540925979614258,0.3456166088581085,0.47508978843688965,0.5054455399513245,0.4223521947860718,0.3649207055568695,0.25380969047546387
audio-dataset/cats_dogs/cat_8.wav,1,0.10668309032917023,0.05825803801417351,0.06841956824064255,0.4090576469898224,0.9080718755722046,0.3934939503669739,0.06361152976751328,0.04252353310585022,0.062446046620607376,0.04227445647120476,0.0751359835267067,0.15633223950862885
audio-dataset/cats_dogs/dog_barking_59.wav,0,0.2680398225784302,0.3921302556991577,0.5550968050956726,0.5059197545051575,0.3831765651702881,0.2751767039299011,0.16752411425113678,0.07404731959104538,0.055546391755342484,0.08883214741945267,0.1107601448893547,0.1642613410949707
audio-dataset/cats_dogs/cat_66.wav,1,0.6323400139808655,0.6544910073280334,0.15129728615283966,0.08379369229078293,0.09732504934072495,0.06630458682775497,0.031817033886909485,0.06207560375332832,0.07099705189466476,0.042310405522584915,0.13188569247722626,0.2776147127151489
audio-dataset/cats_dogs/dog_barking_71.wav,0,0.32117027044296265,0.46688544750213623,0.514325737953186,0.4528776705265045,0.3316842317581177,0.24011807143688202,0.16529595851898193,0.0942094624042511,0.07328963279724121,0.08934669941663742,0.1398734301328659,0.21358747780323029
audio-dataset/cats_dogs/cat_72.wav,1,0.21831423044204712,0.16391421854496002,0.1784500926733017,0.32737836241722107,0.698310375213623,0.43507933616638184,0.1098000705242157,0.1403399556875229,0.2789139747619629,0.24244548380374908,0.2406436800956726,0.30333200097084045
audio-dataset/cats_dogs/dog_barking_65.wav,0,0.11580241471529007,0.36241039633750916,0.6560653448104858,0.7240960597991943,0.37210696935653687,0.1872372180223465,0.10555044561624527,0.059416238218545914,0.044041313230991364,0.044978950172662735,0.037467267364263535,0.05460740625858307
audio-dataset/cats_dogs/cat_99.wav,1,0.3823138177394867,0.4758087396621704,0.4333585798740387,0.360486775636673,0.2916002869606018,0.1920008361339569,0.21993888914585114,0.2856253683567047,0.2160281240940094,0.21512040495872498,0.29194375872612,0.320673406124115
audio-dataset/cats_dogs/dog_barking_108.wav,0,0.3283521234989166,0.37884923815727234,0.42498940229415894,0.47296208143234253,0.4660743474960327,0.4351196587085724,0.4616748094558716,0.5313480496406555,0.5707414150238037,0.5068343281745911,0.3634676933288574,0.2915024757385254
audio-dataset/cats_dogs/cat_108.wav,1,0.21154938638210297,0.4318152070045471,0.28284934163093567,0.09372647851705551,0.21282212436199188,0.38182154297828674,0.4458560049533844,0.35382118821144104,0.13345085084438324,0.0944788008928299,0.08037234097719193,0.10090923309326172
audio-dataset/cats_dogs/cat_134.wav,1,0.6109009385108948,0.3510666787624359,0.14454397559165955,0.08958794921636581,0.10514461249113083,0.1286625862121582,0.15507127344608307,0.2841496169567108,0.2642534077167511,0.1737418919801712,0.19594289362430573,0.4398709833621979
audio-dataset/cats_dogs/cat_120.wav,1,0.0804738700389862,0.10486795753240585,0.1829051524400711,0.370045006275177,0.43864911794662476,0.3158300817012787,0.2506743371486664,0.40916916728019714,0.3118027448654175,0.068121537566185,0.043774574995040894,0.06521941721439362
audio-dataset/cats_dogs/cat_121.wav,1,0.33705341815948486,0.5537402629852295,0.4182749390602112,0.20467297732830048,0.08172088861465454,0.048292845487594604,0.05100583657622337,0.11986822634935379,0.20454652607440948,0.22599118947982788,0.13457012176513672,0.14119960367679596
audio-dataset/cats_dogs/cat_135.wav,1,0.5485867261886597,0.5483080744743347,0.18874631822109222,0.046910904347896576,0.018611526116728783,0.012841490097343922,0.014666548930108547,0.13785943388938904,0.3923051953315735,0.13580866158008575,0.16861960291862488,0.3087632954120636
audio-dataset/cats_dogs/cat_109.wav,1,0.03586605191230774,0.024012798443436623,0.04210316017270088,0.07229828089475632,0.14064984023571014,0.2685582637786865,0.46027570962905884,0.7761664986610413,0.7003295421600342,0.5359490513801575,0.28614410758018494,0.11222267150878906
audio-dataset/cats_dogs/dog_barking_109.wav,0,0.25536593794822693,0.30925554037094116,0.42937368154525757,0.6117644309997559,0.836057722568512,0.999691903591156,0.9940283298492432,0.8455644845962524,0.6726229190826416,0.538644552230835,0.41111457347869873,0.2895098924636841
audio-dataset/cats_dogs/cat_98.wav,1,0.3460478186607361,0.44028139114379883,0.4605005085468292,0.39807048439979553,0.31845974922180176,0.23058447241783142,0.24005743861198425,0.2520618140697479,0.2245846837759018,0.258441686630249,0.3081010580062866,0.3121296465396881
audio-dataset/cats_dogs/dog_barking_64.wav,0,0.16311055421829224,0.4193453788757324,0.6023919582366943,0.5641143918037415,0.3335598111152649,0.2059076875448227,0.17301736772060394,0.09051644057035446,0.040858738124370575,0.03504004701972008,0.0291210375726223,0.05725099891424179
audio-dataset/cats_dogs/cat_73.wav,1,0.21709418296813965,0.2087005227804184,0.23156265914440155,0.45398950576782227,0.5878947973251343,0.2350073605775833,0.12496361881494522,0.2064627856016159,0.24389402568340302,0.24727071821689606,0.3752882480621338,0.45161542296409607
audio-dataset/cats_dogs/dog_barking_70.wav,0,0.319477915763855,0.419759601354599,0.4944888949394226,0.3832252025604248,0.2613227963447571,0.2199920266866684,0.2344570755958557,0.11852667480707169,0.09454631805419922,0.15755026042461395,0.2615072727203369,0.3251570165157318
audio-dataset/cats_dogs/cat_67.wav,1,0.39314812421798706,0.26773688197135925,0.23463742434978485,0.1238260418176651,0.022486023604869843,0.06035478413105011,0.3467240631580353,0.28567054867744446,0.07906628400087357,0.05780410021543503,0.1592954844236374,0.44734111428260803
audio-dataset/cats_dogs/dog_barking_58.wav,0,0.2924840748310089,0.35454532504081726,0.3830386698246002,0.3089258372783661,0.28754547238349915,0.2819119393825531,0.22643542289733887,0.186624214053154,0.130543515086174,0.10027579963207245,0.12493912875652313,0.16566239297389984
audio-dataset/cats_dogs/cat_59.wav,1,0.14483056962490082,0.3130766749382019,0.4811803102493286,0.2651267647743225,0.12109307944774628,0.10987637937068939,0.1402888149023056,0.10392855852842331,0.1517857015132904,0.32375457882881165,0.1899755299091339,0.13473094999790192
audio-dataset/cats_dogs/cat_71.wav,1,0.19457723200321198,0.3080540895462036,0.48930123448371887,0.4220205545425415,0.18584446609020233,0.11020702868700027,0.06666417419910431,0.07449448108673096,0.0801631286740303,0.11968480795621872,0.13336966931819916,0.12429115176200867
audio-dataset/cats_dogs/dog_barking_66.wav,0,0.1534193456172943,0.32751595973968506,0.5967918634414673,0.6006238460540771,0.35595038533210754,0.22657203674316406,0.15805968642234802,0.08491935580968857,0.04604780673980713,0.03873436525464058,0.024549176916480064,0.0505426824092865
audio-dataset/cats_dogs/cat_65.wav,1,0.2543727159500122,0.2547549605369568,0.2721942365169525,0.2052743285894394,0.19941642880439758,0.23453934490680695,0.24659328162670135,0.26311826705932617,0.35178202390670776,0.40224921703338623,0.37763339281082153,0.2999972105026245
audio-dataset/cats_dogs/dog_barking_72.wav,0,0.11578941345214844,0.29157575964927673,0.5064282417297363,0.4159815013408661,0.329292356967926,0.34559088945388794,0.34128469228744507,0.20975655317306519,0.08347439020872116,0.030649403110146523,0.03234578296542168,0.06279762834310532
audio-dataset/cats_dogs/dog_barking_99.wav,0,0.2645367980003357,0.31361615657806396,0.3666439652442932,0.3839946687221527,0.33293724060058594,0.2936946153640747,0.3190476894378662,0.420672744512558,0.4430796802043915,0.39001041650772095,0.30935347080230713,0.2606131136417389
audio-dataset/cats_dogs/cat_123.wav,1,0.11609819531440735,0.10484425723552704,0.1275336891412735,0.15607188642024994,0.17042207717895508,0.21455354988574982,0.3849264681339264,0.5287348628044128,0.487714946269989,0.419604629278183,0.3424695134162903,0.23607097566127777
audio-dataset/cats_dogs/cat_137.wav,1,0.6414052248001099,0.2529129981994629,0.33862727880477905,0.4195122718811035,0.22103193402290344,0.17987382411956787,0.27261000871658325,0.503211498260498,0.5244472026824951,0.3367976248264313,0.32520270347595215,0.6630685925483704
audio-dataset/cats_dogs/cat_136.wav,1,0.4187391400337219,0.41887757182121277,0.43690386414527893,0.3759770393371582,0.3815461993217468,0.4444192945957184,0.501659095287323,0.5573779940605164,0.42742204666137695,0.30315306782722473,0.3307211101055145,0.42047131061553955
audio-dataset/cats_dogs/cat_122.wav,1,0.23290105164051056,0.1477663516998291,0.09101206064224243,0.2175188809633255,0.30039626359939575,0.37498289346694946,0.3839780390262604,0.2282029241323471,0.16218791902065277,0.1141931489109993,0.0739191398024559,0.12661299109458923
audio-dataset/cats_dogs/dog_barking_98.wav,0,0.38384440541267395,0.4300607740879059,0.4204348623752594,0.26924219727516174,0.21460899710655212,0.24896761775016785,0.2575683295726776,0.31179970502853394,0.42673376202583313,0.4274316132068634,0.34076347947120667,0.32597973942756653
audio-dataset/cats_dogs/dog_barking_73.wav,0,0.21925628185272217,0.3213048279285431,0.5508812069892883,0.5172895789146423,0.3769587576389313,0.27094075083732605,0.24480044841766357,0.18487727642059326,0.12339199334383011,0.07532443106174469,0.07477393001317978,0.13550205528736115
audio-dataset/cats_dogs/cat_64.wav,1,0.18111862242221832,0.14939168095588684,0.17559821903705597,0.18128390610218048,0.17739267647266388,0.17291778326034546,0.1893240362405777,0.2216440588235855,0.35437747836112976,0.40809035301208496,0.39101558923721313,0.33538153767585754
audio-dataset/cats_dogs/dog_barking_67.wav,0,0.5304958820343018,0.6171011328697205,0.5402145981788635,0.3660229742527008,0.17615438997745514,0.0804334208369255,0.0219712033867836,0.011919278651475906,0.012618150562047958,0.021971968933939934,0.07760961353778839,0.2797662019729614
audio-dataset/cats_dogs/cat_70.wav,1,0.4558087885379791,0.26622194051742554,0.1665460169315338,0.11334129422903061,0.1416962593793869,0.2008267194032669,0.2828519344329834,0.20339861512184143,0.27934566140174866,0.5372135639190674,0.4266476333141327,0.3962104916572571
audio-dataset/cats_dogs/cat_58.wav,1,0.15197162330150604,0.3977544903755188,0.42009592056274414,0.23588129878044128,0.10589955002069473,0.08155879378318787,0.12312257289886475,0.09751243144273758,0.23557208478450775,0.35388436913490295,0.23432204127311707,0.12088137120008469
audio-dataset/cats_dogs/cat_17.wav,1,0.2244398593902588,0.21830935776233673,0.21104562282562256,0.2268182784318924,0.19829897582530975,0.15334899723529816,0.14540927112102509,0.18795061111450195,0.23984313011169434,0.28293535113334656,0.2547806203365326,0.2206154614686966
audio-dataset/cats_dogs/dog_barking_14.wav,0,0.3672841489315033,0.3269006609916687,0.3140416443347931,0.46924760937690735,0.5852268934249878,0.3466514050960541,0.18532605469226837,0.15508651733398438,0.13552220165729523,0.1161491870880127,0.1267632395029068,0.22646211087703705
audio-dataset/cats_dogs/dog_barking_28.wav,0,0.5635700225830078,0.3404449224472046,0.1966981291770935,0.11932668834924698,0.08330323547124863,0.08560716360807419,0.11215653270483017,0.17028813064098358,0.26528874039649963,0.46286794543266296,0.5897661447525024,0.6923784017562866
audio-dataset/cats_dogs/dog_barking_8.wav,0,0.1203136071562767,0.1971084475517273,0.23306983709335327,0.3124307692050934,0.4443714916706085,0.6661853194236755,0.6014207005500793,0.398462176322937,0.1792987734079361,0.09614619612693787,0.09365154057741165,0.098535917699337
audio-dataset/cats_dogs/cat_151.wav,1,0.5353248715400696,0.30864420533180237,0.2276567667722702,0.30583426356315613,0.3870674967765808,0.31528952717781067,0.24953420460224152,0.2257828414440155,0.2757583558559418,0.3102923631668091,0.3569987416267395,0.703298032283783
audio-dataset/cats_dogs/cat_150.wav,1,0.0829811617732048,0.1689199060201645,0.24288226664066315,0.5283346176147461,0.7290318012237549,0.31516847014427185,0.15850788354873657,0.3558672070503235,0.39177948236465454,0.1535952091217041,0.21434682607650757,0.20692254602909088
audio-dataset/cats_dogs/cat_144.wav,1,0.6188276410102844,0.543293833732605,0.3884812295436859,0.2814691960811615,0.28857532143592834,0.3225755989551544,0.27433544397354126,0.27280232310295105,0.2635229825973511,0.29727599024772644,0.35598433017730713,0.5474002361297607
audio-dataset/cats_dogs/dog_barking_9.wav,0,0.29697510600090027,0.16716806590557098,0.1766454130411148,0.35523542761802673,0.3859780430793762,0.31828200817108154,0.38479483127593994,0.4632645845413208,0.3961142599582672,0.2057407647371292,0.12249980866909027,0.22842828929424286
audio-dataset/cats_dogs/dog_barking_29.wav,0,0.2602417469024658,0.3064107596874237,0.26070934534072876,0.18440468609333038,0.2013510912656784,0.20491595566272736,0.10866238921880722,0.10525155812501907,0.28368932008743286,0.49389010667800903,0.37602174282073975,0.19405986368656158
audio-dataset/cats_dogs/dog_barking_15.wav,0,0.3672841489315033,0.3269006609916687,0.3140416443347931,0.46924760937690735,0.5852268934249878,0.3466514050960541,0.18532605469226837,0.15508651733398438,0.13552220165729523,0.1161491870880127,0.1267632395029068,0.22646211087703705
audio-dataset/cats_dogs/cat_16.wav,1,0.29593053460121155,0.5208307504653931,0.6984137296676636,0.3240460455417633,0.1255938708782196,0.09348306059837341,0.14924153685569763,0.09980818629264832,0.24466530978679657,0.4469129741191864,0.22886542975902557,0.18676398694515228
audio-dataset/cats_dogs/dog_barking_17.wav,0,0.3831166625022888,0.34811776876449585,0.34903988242149353,0.34547537565231323,0.26972368359565735,0.12953980267047882,0.09583576768636703,0.07930990308523178,0.12301520258188248,0.24515539407730103,0.37294965982437134,0.3878585696220398
audio-dataset/cats_dogs/cat_14.wav,1,0.0016934772720560431,0.0277706328779459,0.0916699692606926,0.09561915695667267,0.03993399441242218,0.010568013414740562,0.01608821377158165,0.06377782672643661,0.05354684591293335,0.01708383858203888,0.004892266821116209,0.0016850280808284879
audio-dataset/cats_dogs/cat_28.wav,1,0.2293146699666977,0.2010435312986374,0.20384670794010162,0.26454606652259827,0.3007887005805969,0.3475627303123474,0.5787293314933777,0.5364819765090942,0.30959808826446533,0.30296945571899414,0.3161183297634125,0.26040536165237427
audio-dataset/cats_dogs/cat_152.wav,1,0.16149918735027313,0.20123551785945892,0.33805903792381287,0.2130354642868042,0.11894511431455612,0.1421823501586914,0.27140024304389954,0.49365466833114624,0.4497339427471161,0.1577754020690918,0.10346276313066483,0.14308683574199677
audio-dataset/cats_dogs/cat_146.wav,1,0.41148731112480164,0.4217991828918457,0.4104195833206177,0.3090006411075592,0.17062422633171082,0.12839119136333466,0.192918598651886,0.281024307012558,0.3406658470630646,0.4344574511051178,0.3134506344795227,0.3151967227458954
audio-dataset/cats_dogs/cat_147.wav,1,0.40102478861808777,0.46885615587234497,0.4456445872783661,0.38716885447502136,0.27228957414627075,0.181794211268425,0.1753765195608139,0.22374911606311798,0.3164531886577606,0.44766563177108765,0.4083469808101654,0.3535812795162201
audio-dataset/cats_dogs/cat_153.wav,1,0.2764335572719574,0.3304494321346283,0.3425930142402649,0.19710223376750946,0.14551012217998505,0.22563157975673676,0.39489859342575073,0.38721758127212524,0.23701182007789612,0.15023523569107056,0.16503164172172546,0.21388371288776398
audio-dataset/cats_dogs/cat_29.wav,1,0.22606071829795837,0.24273982644081116,0.25311553478240967,0.2677849531173706,0.29632481932640076,0.31128135323524475,0.4173484742641449,0.462179571390152,0.3447251617908478,0.27238592505455017,0.29938647150993347,0.2847954034805298
audio-dataset/cats_dogs/cat_15.wav,1,0.5796782970428467,0.3315424919128418,0.07486924529075623,0.05385514348745346,0.049982890486717224,0.042625393718481064,0.17648036777973175,0.3562082350254059,0.2786315381526947,0.06580311059951782,0.14091593027114868,0.42798203229904175
audio-dataset/cats_dogs/dog_barking_16.wav,0,0.52048259973526,0.30431345105171204,0.2329859584569931,0.2457447499036789,0.2820042669773102,0.32169944047927856,0.27792730927467346,0.24334850907325745,0.26032817363739014,0.3179943263530731,0.4417833983898163,0.5810320377349854
audio-dataset/cats_dogs/cat_39.wav,1,0.41306304931640625,0.3834507465362549,0.2758745849132538,0.2101849913597107,0.1642661839723587,0.17523682117462158,0.22036020457744598,0.359149307012558,0.42326265573501587,0.3690031170845032,0.27689290046691895,0.28825846314430237
audio-dataset/cats_dogs/dog_barking_12.wav,0,0.4365971088409424,0.3364134728908539,0.25644493103027344,0.17144201695919037,0.10729294270277023,0.12738493084907532,0.17329978942871094,0.30552172660827637,0.5201349854469299,0.6230505704879761,0.5202469825744629,0.5125917196273804
audio-dataset/cats_dogs/cat_11.wav,1,0.4375680685043335,0.38483163714408875,0.40343883633613586,0.43474188446998596,0.42759284377098083,0.4577306807041168,0.40468087792396545,0.373291939496994,0.3713330626487732,0.4116883873939514,0.4580698609352112,0.4820918142795563
audio-dataset/cats_dogs/cat_157.wav,1,0.28294679522514343,0.37446027994155884,0.3859356641769409,0.3726131319999695,0.41805538535118103,0.45406341552734375,0.4839646518230438,0.43950292468070984,0.5211186408996582,0.48314720392227173,0.3096945285797119,0.26643407344818115
audio-dataset/cats_dogs/cat_143.wav,1,0.3282906115055084,0.34659501910209656,0.26789528131484985,0.27973276376724243,0.24019618332386017,0.22844184935092926,0.19239212572574615,0.22042733430862427,0.2650829255580902,0.292591392993927,0.3060225248336792,0.2917523682117462
audio-dataset/cats_dogs/cat_142.wav,1,0.1290421485900879,0.09499096125364304,0.16832886636257172,0.26144877076148987,0.3711136281490326,0.25947627425193787,0.19025522470474243,0.0779978409409523,0.11300010234117508,0.30636999011039734,0.32969987392425537,0.3676663339138031
audio-dataset/cats_dogs/cat_156.wav,1,0.19821587204933167,0.09907479584217072,0.12199047207832336,0.15242160856723785,0.09967084228992462,0.05776456743478775,0.059789229184389114,0.12454697489738464,0.32452231645584106,0.5817062854766846,0.5931315422058105,0.40548744797706604
audio-dataset/cats_dogs/cat_10.wav,1,0.25149232149124146,0.2702106237411499,0.23609638214111328,0.1509518027305603,0.09895258396863937,0.10497134178876877,0.21341602504253387,0.2847850024700165,0.25590279698371887,0.24140940606594086,0.31804922223091125,0.2141360193490982
audio-dataset/cats_dogs/dog_barking_13.wav,0,0.06235259026288986,0.03962823376059532,0.06984703987836838,0.11531347781419754,0.17505469918251038,0.21966883540153503,0.31772342324256897,0.5005568265914917,0.6473115682601929,0.8271127343177795,0.5178406238555908,0.21159447729587555
audio-dataset/cats_dogs/cat_38.wav,1,0.46055111289024353,0.30283185839653015,0.17227725684642792,0.18961207568645477,0.2772177755832672,0.4042569696903229,0.37401217222213745,0.19278614223003387,0.1292460560798645,0.12931770086288452,0.14296799898147583,0.26333776116371155
audio-dataset/cats_dogs/dog_barking_39.wav,0,0.4026484191417694,0.35861149430274963,0.31047624349594116,0.24687504768371582,0.17336148023605347,0.13655228912830353,0.14845804870128632,0.17030452191829681,0.1940287947654724,0.3442074656486511,0.4850403070449829,0.41058358550071716
audio-dataset/cats_dogs/cat_12.wav,1,0.49253758788108826,0.5297659039497375,0.5256479382514954,0.48930788040161133,0.35882502794265747,0.34467408061027527,0.3430367112159729,0.32702118158340454,0.3318004012107849,0.37878385186195374,0.3888189494609833,0.4388616979122162
audio-dataset/cats_dogs/dog_barking_11.wav,0,0.4336266815662384,0.5640472769737244,0.7195513248443604,0.7316051125526428,0.582314133644104,0.48370736837387085,0.34958913922309875,0.24338068068027496,0.21579696238040924,0.19824254512786865,0.21410873532295227,0.31212979555130005
audio-dataset/cats_dogs/cat_140.wav,1,0.3301715850830078,0.1875719130039215,0.10221198946237564,0.09505645185709,0.11202630400657654,0.13218188285827637,0.2277834713459015,0.34889358282089233,0.33441388607025146,0.3680119514465332,0.33404114842414856,0.5892161130905151
audio-dataset/cats_dogs/cat_154.wav,1,0.4731830954551697,0.4165201783180237,0.2520003020763397,0.19629508256912231,0.22284983098506927,0.38416340947151184,0.5011590719223022,0.20320913195610046,0.11232475936412811,0.21824230253696442,0.21841205656528473,0.2646166980266571
audio-dataset/cats_dogs/cat_155.wav,1,0.2834630012512207,0.17393818497657776,0.035016659647226334,0.061595045030117035,0.16956736147403717,0.5626891255378723,0.5857325196266174,0.12348087877035141,0.016062600538134575,0.011482100933790207,0.013336539268493652,0.055727630853652954
audio-dataset/cats_dogs/cat_141.wav,1,0.34566622972488403,0.23452569544315338,0.3325916826725006,0.3114628791809082,0.22502824664115906,0.09610430896282196,0.14891594648361206,0.17797435820102692,0.2608846426010132,0.4926396608352661,0.527938723564148,0.3569413423538208
audio-dataset/cats_dogs/dog_barking_10.wav,0,0.19771407544612885,0.07352869212627411,0.0631873682141304,0.08150872588157654,0.1259128451347351,0.20450033247470856,0.23792363703250885,0.273277223110199,0.4249476194381714,0.656058132648468,0.7030152678489685,0.5629786849021912
audio-dataset/cats_dogs/cat_13.wav,1,0.48344820737838745,0.47824937105178833,0.41684427857398987,0.3838545083999634,0.320663183927536,0.3527714014053345,0.36319464445114136,0.31455475091934204,0.300082266330719,0.32354840636253357,0.34270429611206055,0.41859525442123413
audio-dataset/cats_dogs/dog_barking_38.wav,0,0.3920632600784302,0.29730865359306335,0.3043249547481537,0.2976570129394531,0.23134666681289673,0.28015077114105225,0.33602988719940186,0.24709568917751312,0.1826920211315155,0.21484965085983276,0.3233987092971802,0.5493704676628113
audio-dataset/cats_dogs/cat_36.wav,1,0.4140034019947052,0.399722695350647,0.39926645159721375,0.3297872245311737,0.31991052627563477,0.3606244623661041,0.37213027477264404,0.3514130115509033,0.4309374690055847,0.5792456865310669,0.5901021957397461,0.5426376461982727
audio-dataset/cats_dogs/dog_barking_21.wav,0,0.15600603818893433,0.17377273738384247,0.24155114591121674,0.28434449434280396,0.2586521506309509,0.33381006121635437,0.3930225670337677,0.37293773889541626,0.3014984726905823,0.3030765950679779,0.23563146591186523,0.18795594573020935
audio-dataset/cats_dogs/cat_22.wav,1,0.412858784198761,0.3988109230995178,0.4014173448085785,0.36088380217552185,0.17518723011016846,0.15186239778995514,0.1706058382987976,0.20506444573402405,0.2511146366596222,0.37928032875061035,0.4629860818386078,0.45091456174850464
audio-dataset/cats_dogs/dog_barking_35.wav,0,0.12737402319908142,0.2380078136920929,0.40193384885787964,0.5489791035652161,0.5045769810676575,0.4122486412525177,0.340371698141098,0.2234719842672348,0.15579432249069214,0.1211896538734436,0.10922030359506607,0.10870043933391571
audio-dataset/cats_dogs/dog_barking_1.wav,0,0.29558923840522766,0.3408135175704956,0.4360688328742981,0.4601593315601349,0.34394821524620056,0.2800775170326233,0.27205023169517517,0.277584969997406,0.25447404384613037,0.24201279878616333,0.23988209664821625,0.27310216426849365
audio-dataset/cats_dogs/cat_164.wav,1,0.31391191482543945,0.31098031997680664,0.21189242601394653,0.2076198309659958,0.23664750158786774,0.407418817281723,0.588068962097168,0.45371511578559875,0.35121870040893555,0.3196467161178589,0.29501137137413025,0.3145825266838074
audio-dataset/cats_dogs/cat_158.wav,1,0.15225106477737427,0.394546777009964,0.6182570457458496,0.3275197446346283,0.27277103066444397,0.3153211176395416,0.5267751812934875,0.5874348878860474,0.265958309173584,0.14672695100307465,0.18724708259105682,0.2391817271709442
audio-dataset/cats_dogs/cat_159.wav,1,0.26490193605422974,0.30579879879951477,0.302924782037735,0.25070324540138245,0.2628079652786255,0.3085591197013855,0.4338504672050476,0.5793697237968445,0.48613640666007996,0.35331353545188904,0.3160482943058014,0.2878493070602417
audio-dataset/cats_dogs/cat_165.wav,1,0.028321528807282448,0.05164400860667229,0.05540860444307327,0.04360470920801163,0.018272442743182182,0.03839140012860298,0.07088112831115723,0.06734173744916916,0.04471835121512413,0.028562108054757118,0.022132039070129395,0.017167992889881134
audio-dataset/cats_dogs/dog_barking_0.wav,0,0.31740131974220276,0.38812029361724854,0.4732441306114197,0.4980751872062683,0.4115157723426819,0.2729913890361786,0.14377723634243011,0.12254488468170166,0.16813883185386658,0.24461962282657623,0.26155683398246765,0.27571073174476624
audio-dataset/cats_dogs/dog_barking_34.wav,0,0.3111168146133423,0.2834055423736572,0.3012184500694275,0.3230421841144562,0.4018004834651947,0.4419725239276886,0.28533774614334106,0.0999218001961708,0.08862703293561935,0.18065175414085388,0.34307318925857544,0.3867568373680115
audio-dataset/cats_dogs/cat_23.wav,1,0.4370110034942627,0.5037259459495544,0.4877592921257019,0.27488893270492554,0.16412726044654846,0.1660461723804474,0.20885561406612396,0.27482131123542786,0.32162806391716003,0.42035767436027527,0.4068054258823395,0.3945624530315399
audio-dataset/cats_dogs/dog_barking_20.wav,0,0.371521919965744,0.3303900957107544,0.29113054275512695,0.27438774704933167,0.26646122336387634,0.20908547937870026,0.16091710329055786,0.1410612016916275,0.18202047049999237,0.1905566304922104,0.21982619166374207,0.322908490896225
audio-dataset/cats_dogs/cat_37.wav,1,0.4254883825778961,0.44413742423057556,0.4123184084892273,0.3358210623264313,0.3164807856082916,0.39052340388298035,0.39254680275917053,0.41187164187431335,0.5207788348197937,0.6350527405738831,0.6059027910232544,0.539391279220581
audio-dataset/cats_dogs/cat_21.wav,1,0.3144770562648773,0.295823335647583,0.30858513712882996,0.3245996832847595,0.27146777510643005,0.28810086846351624,0.35491982102394104,0.3732098639011383,0.2836368680000305,0.30568262934684753,0.3618556261062622,0.36259394884109497
audio-dataset/cats_dogs/dog_barking_36.wav,0,0.4409847557544708,0.5879871845245361,0.7129310369491577,0.4370132088661194,0.169425830245018,0.07272117584943771,0.08795417100191116,0.05697186663746834,0.04206018149852753,0.05856233462691307,0.11177154630422592,0.2392372041940689
audio-dataset/cats_dogs/cat_35.wav,1,0.45450904965400696,0.4468463659286499,0.4191426634788513,0.3817692697048187,0.36349165439605713,0.36147940158843994,0.36821967363357544,0.31764984130859375,0.32106709480285645,0.3978351056575775,0.48587286472320557,0.5360895991325378
audio-dataset/cats_dogs/dog_barking_22.wav,0,0.3078521192073822,0.2301483154296875,0.23333126306533813,0.22564081847667694,0.26586461067199707,0.3569125831127167,0.3571614623069763,0.32617685198783875,0.2790825068950653,0.3006104826927185,0.25444746017456055,0.23868566751480103
audio-dataset/cats_dogs/dog_barking_2.wav,0,0.2658364176750183,0.35952726006507874,0.438590943813324,0.46821144223213196,0.3469647467136383,0.24489228427410126,0.2581084370613098,0.2823358178138733,0.242034912109375,0.2294904589653015,0.228395015001297,0.23665307462215424
audio-dataset/cats_dogs/cat_167.wav,1,0.031157802790403366,0.054999981075525284,0.05768085643649101,0.04812553897500038,0.03730073198676109,0.06280651688575745,0.12886092066764832,0.1341160535812378,0.09569881111383438,0.05275013670325279,0.027461478486657143,0.02416888065636158
audio-dataset/cats_dogs/cat_166.wav,1,0.020167822018265724,0.04379627853631973,0.03940827399492264,0.024975573644042015,0.014520308002829552,0.04568982869386673,0.07525186985731125,0.04809265956282616,0.032525476068258286,0.027440981939435005,0.022001437842845917,0.011625961400568485
audio-dataset/cats_dogs/dog_barking_3.wav,0,0.3185370862483978,0.33971038460731506,0.3946731984615326,0.40911754965782166,0.294824481010437,0.17940856516361237,0.2275351732969284,0.4547024071216583,0.5001019239425659,0.5277404189109802,0.44088977575302124,0.31860101222991943
audio-dataset/cats_dogs/dog_barking_23.wav,0,0.33775150775909424,0.33576613664627075,0.319176584482193,0.29720938205718994,0.3415661156177521,0.40689656138420105,0.3778139054775238,0.3702870309352875,0.3355633616447449,0.29167479276657104,0.3183857500553131,0.33161088824272156
audio-dataset/cats_dogs/cat_34.wav,1,0.5133568048477173,0.38338273763656616,0.255694180727005,0.16088342666625977,0.118798166513443,0.12188038975000381,0.13323338329792023,0.17052628099918365,0.19431960582733154,0.24162599444389343,0.33633455634117126,0.4566729962825775
audio-dataset/cats_dogs/dog_barking_37.wav,0,0.5259334444999695,0.4160091280937195,0.3040525019168854,0.22057433426380157,0.17875732481479645,0.1779547482728958,0.17740587890148163,0.12421359866857529,0.08946412801742554,0.1364864557981491,0.38841116428375244,0.5299323201179504
audio-dataset/cats_dogs/cat_20.wav,1,0.1242673322558403,0.1486627608537674,0.14440099895000458,0.13774384558200836,0.27103713154792786,0.3731168508529663,0.2557186186313629,0.2891601622104645,0.3532199561595917,0.5890217423439026,0.7731366157531738,0.28329339623451233
audio-dataset/cats_dogs/cat_18.wav,1,0.21515494585037231,0.19358164072036743,0.11079582571983337,0.03617378696799278,0.04608522355556488,0.08782126009464264,0.13165181875228882,0.18577995896339417,0.2380317598581314,0.2932264804840088,0.36948105692863464,0.34607425332069397
audio-dataset/cats_dogs/cat_24.wav,1,0.327567994594574,0.4794144034385681,0.5646238923072815,0.4406381845474243,0.4970749020576477,0.6097182035446167,0.5670203566551208,0.3850025534629822,0.3419054448604584,0.31495314836502075,0.23112590610980988,0.25807440280914307
audio-dataset/cats_dogs/dog_barking_33.wav,0,0.3206646144390106,0.27590975165367126,0.2747451961040497,0.29498860239982605,0.236725851893425,0.21963393688201904,0.1530887633562088,0.08663524687290192,0.1312408596277237,0.3046172559261322,0.4196663796901703,0.3896131217479706
audio-dataset/cats_dogs/cat_30.wav,1,0.23248320817947388,0.218697652220726,0.23756128549575806,0.2769928276538849,0.3149445354938507,0.3575576841831207,0.3717358708381653,0.3417966067790985,0.36211857199668884,0.3242006301879883,0.2839151918888092,0.33452627062797546
audio-dataset/cats_dogs/dog_barking_27.wav,0,0.2428118735551834,0.3927455246448517,0.530987024307251,0.581427276134491,0.653624415397644,0.4267774820327759,0.2174336463212967,0.1628035604953766,0.19729550182819366,0.16129463911056519,0.14453156292438507,0.17799687385559082
audio-dataset/cats_dogs/dog_barking_7.wav,0,0.2719336152076721,0.2967052459716797,0.31829363107681274,0.29694104194641113,0.2262062281370163,0.21305277943611145,0.20596204698085785,0.1994733363389969,0.30129969120025635,0.3980376720428467,0.4145456552505493,0.30788832902908325
audio-dataset/cats_dogs/cat_162.wav,1,0.3009658455848694,0.3632284998893738,0.5279013514518738,0.5204638838768005,0.5611752867698669,0.5677037239074707,0.5893551111221313,0.4504717290401459,0.3514305651187897,0.34462970495224,0.28381645679473877,0.2809911370277405
audio-dataset/cats_dogs/cat_163.wav,1,0.30222994089126587,0.32594597339630127,0.38721349835395813,0.4035097062587738,0.4258822798728943,0.4307551681995392,0.4480057954788208,0.41447216272354126,0.4671579897403717,0.47325006127357483,0.4036062955856323,0.3233819901943207
audio-dataset/cats_dogs/dog_barking_6.wav,0,0.6249538064002991,0.5381357073783875,0.47171446681022644,0.3557051122188568,0.25547292828559875,0.18313109874725342,0.17974519729614258,0.22383864223957062,0.29741451144218445,0.38809022307395935,0.38615989685058594,0.49808526039123535
audio-dataset/cats_dogs/dog_barking_26.wav,0,0.4667019844055176,0.5856257081031799,0.5062413215637207,0.2797464430332184,0.09940673410892487,0.08214373141527176,0.11077079176902771,0.13676287233829498,0.15223626792430878,0.18366333842277527,0.22822655737400055,0.3029596209526062
audio-dataset/cats_dogs/cat_31.wav,1,0.16128286719322205,0.17796730995178223,0.20925118029117584,0.2554921805858612,0.1974393129348755,0.17587891221046448,0.20707687735557556,0.3486882746219635,0.47130343317985535,0.22083868086338043,0.07218659669160843,0.10063085705041885
audio-dataset/cats_dogs/dog_barking_32.wav,0,0.09258855879306793,0.08967417478561401,0.15155015885829926,0.27047041058540344,0.3084866404533386,0.26310718059539795,0.17534400522708893,0.17573986947536469,0.23251700401306152,0.5010671615600586,0.4719826877117157,0.23920971155166626
audio-dataset/cats_dogs/cat_25.wav,1,0.40535449981689453,0.33548712730407715,0.3541172444820404,0.3740735948085785,0.3643491268157959,0.3494255542755127,0.3742177188396454,0.47116315364837646,0.559809148311615,0.6228483319282532,0.6081160306930542,0.5396581888198853
audio-dataset/cats_dogs/cat_19.wav,1,0.04877733066678047,0.32720497250556946,0.7221851348876953,0.5076960325241089,0.07553714513778687,0.041491780430078506,0.010271432809531689,0.00659136613830924,0.03382287919521332,0.09352654963731766,0.025386421009898186,0.012814311310648918
audio-dataset/cats_dogs/dog_barking_18.wav,0,0.13640452921390533,0.12827201187610626,0.11836858093738556,0.13342732191085815,0.2217303216457367,0.3781476616859436,0.5933579206466675,0.5595799684524536,0.30880823731422424,0.17101243138313293,0.12822270393371582,0.14343953132629395
audio-dataset/cats_dogs/cat_33.wav,1,0.37744012475013733,0.39700159430503845,0.29236483573913574,0.28694817423820496,0.31259676814079285,0.32833561301231384,0.3137362003326416,0.3817533552646637,0.48489782214164734,0.3580445647239685,0.27432823181152344,0.27488741278648376
audio-dataset/cats_dogs/dog_barking_24.wav,0,0.0921740010380745,0.11719170957803726,0.10075683146715164,0.1132148951292038,0.1727907508611679,0.40236979722976685,0.8001806139945984,0.5816882848739624,0.2427327036857605,0.13249942660331726,0.12387336790561676,0.0981745719909668
audio-dataset/cats_dogs/cat_27.wav,1,0.6152125597000122,0.47641509771347046,0.31351035833358765,0.26501601934432983,0.22718563675880432,0.22437115013599396,0.23614060878753662,0.2521810233592987,0.32782337069511414,0.47462254762649536,0.6202853322029114,0.7506240606307983
audio-dataset/cats_dogs/dog_barking_30.wav,0,0.16589301824569702,0.2548583745956421,0.3459198772907257,0.3200417459011078,0.26241400837898254,0.23105192184448242,0.11049357801675797,0.07965963333845139,0.22899723052978516,0.4704664945602417,0.4424096643924713,0.24966038763523102
audio-dataset/cats_dogs/dog_barking_4.wav,0,0.4067136347293854,0.37871041893959045,0.33216652274131775,0.2819586992263794,0.23444344103336334,0.2215137779712677,0.21319828927516937,0.23293180763721466,0.2586304545402527,0.3057699501514435,0.3581748306751251,0.39498478174209595
audio-dataset/cats_dogs/cat_149.wav,1,0.2594457268714905,0.5380290150642395,0.7914721965789795,0.5067543983459473,0.4035852551460266,0.3480459451675415,0.3137176036834717,0.2156098186969757,0.1894528567790985,0.17114125192165375,0.14679718017578125,0.15427671372890472
audio-dataset/cats_dogs/cat_161.wav,1,0.2912302613258362,0.3829115927219391,0.3961560130119324,0.31564292311668396,0.3176996111869812,0.39331069588661194,0.5644533634185791,0.5483272671699524,0.46768343448638916,0.4411454200744629,0.3931955397129059,0.3049877882003784
audio-dataset/cats_dogs/cat_160.wav,1,0.26920419931411743,0.2979821562767029,0.27278873324394226,0.2203017622232437,0.25554755330085754,0.30776751041412354,0.4235321283340454,0.5549511909484863,0.49820631742477417,0.3920994699001312,0.3659074604511261,0.33902421593666077
audio-dataset/cats_dogs/cat_148.wav,1,0.2548914849758148,0.27903470396995544,0.30169767141342163,0.3528903126716614,0.2760723829269409,0.17524771392345428,0.17508651316165924,0.2554278075695038,0.3753088712692261,0.5360097289085388,0.5082405209541321,0.334757000207901
audio-dataset/cats_dogs/dog_barking_5.wav,0,0.3668079972267151,0.2641323208808899,0.21776297688484192,0.1983385682106018,0.2170761525630951,0.18603307008743286,0.2007027417421341,0.24484865367412567,0.31479302048683167,0.39741575717926025,0.44033703207969666,0.42720502614974976
audio-dataset/cats_dogs/dog_barking_31.wav,0,0.15081216394901276,0.1794339269399643,0.2289813905954361,0.2817898392677307,0.24753662943840027,0.18039511144161224,0.13929042220115662,0.19217205047607422,0.24284067749977112,0.5952130556106567,0.5363662242889404,0.26899203658103943
audio-dataset/cats_dogs/cat_26.wav,1,0.4285951256752014,0.33179333806037903,0.2730588912963867,0.262678325176239,0.27561959624290466,0.3149654269218445,0.39445433020591736,0.5212264657020569,0.6672884225845337,0.7953773140907288,0.7308014631271362,0.5906500816345215
audio-dataset/cats_dogs/dog_barking_25.wav,0,0.47735902667045593,0.3751993477344513,0.24987667798995972,0.21943674981594086,0.289190411567688,0.3318350911140442,0.3400716483592987,0.33371657133102417,0.3285345137119293,0.35398486256599426,0.3087276518344879,0.3311687111854553
audio-dataset/cats_dogs/cat_32.wav,1,0.42035219073295593,0.40772953629493713,0.3792892396450043,0.267098993062973,0.2811499834060669,0.2850280702114105,0.2925136983394623,0.37284380197525024,0.3278544843196869,0.32046905159950256,0.3830496072769165,0.38657933473587036
audio-dataset/cats_dogs/dog_barking_19.wav,0,0.37160515785217285,0.29461225867271423,0.1820812225341797,0.09060048311948776,0.04675942659378052,0.06175127625465393,0.1722615361213684,0.26613849401474,0.16494926810264587,0.16017141938209534,0.3285987377166748,0.4042775332927704
audio-dataset/cats_dogs/cat_3.wav,1,0.4413115084171295,0.47429051995277405,0.521250307559967,0.5112005472183228,0.40471509099006653,0.3579486906528473,0.3106622099876404,0.2769131064414978,0.2527538537979126,0.2869863212108612,0.37777191400527954,0.42575740814208984
audio-dataset/cats_dogs/cat_55.wav,1,0.11706048250198364,0.14751574397087097,0.10380265861749649,0.1327238827943802,0.24929101765155792,0.43100738525390625,0.5134520530700684,0.18779435753822327,0.03508293628692627,0.0249297134578228,0.0448453314602375,0.05689896270632744
audio-dataset/cats_dogs/dog_barking_42.wav,0,0.5781887173652649,0.38609641790390015,0.20648571848869324,0.15127547085285187,0.24388156831264496,0.22901342809200287,0.12414504587650299,0.06676564365625381,0.0793921947479248,0.20398639142513275,0.44898509979248047,0.6365681886672974
audio-dataset/cats_dogs/cat_41.wav,1,0.46618831157684326,0.5104892253875732,0.5250741243362427,0.5194329023361206,0.5257236361503601,0.5362204313278198,0.45215508341789246,0.45644235610961914,0.39430952072143555,0.3705749809741974,0.41006749868392944,0.44291454553604126
audio-dataset/cats_dogs/dog_barking_56.wav,0,0.3660634458065033,0.3078431189060211,0.29437267780303955,0.30897951126098633,0.3007865250110626,0.33390793204307556,0.2697571814060211,0.12392950057983398,0.057882484048604965,0.08744701743125916,0.20788386464118958,0.392414391040802
audio-dataset/cats_dogs/cat_69.wav,1,0.20744961500167847,0.1528443843126297,0.10961632430553436,0.15595196187496185,0.23821938037872314,0.3764863908290863,0.43193212151527405,0.366364449262619,0.3446221351623535,0.33265379071235657,0.3704683780670166,0.2691348195075989
audio-dataset/cats_dogs/dog_barking_81.wav,0,0.11831396073102951,0.24226266145706177,0.4651212692260742,0.6159616708755493,0.48375654220581055,0.34217363595962524,0.25541460514068604,0.13610798120498657,0.07095380872488022,0.051734838634729385,0.03219756856560707,0.03858333081007004
audio-dataset/cats_dogs/cat_96.wav,1,0.23248673975467682,0.2512219250202179,0.359016090631485,0.6361971497535706,0.6188990473747253,0.1894771009683609,0.0781959667801857,0.08753835409879684,0.10847397148609161,0.1315508335828781,0.23993392288684845,0.2880483567714691
audio-dataset/cats_dogs/dog_barking_95.wav,0,0.6607568860054016,0.6753872632980347,0.48627766966819763,0.27226799726486206,0.19385400414466858,0.13764381408691406,0.14354456961154938,0.16813094913959503,0.19017188251018524,0.2788639962673187,0.39695751667022705,0.5437480807304382
audio-dataset/cats_dogs/cat_82.wav,1,0.13214972615242004,0.16437284648418427,0.2273872196674347,0.3200550675392151,0.4127247929573059,0.47065600752830505,0.51161128282547,0.3991941213607788,0.19436237215995789,0.12983053922653198,0.10605836659669876,0.11616839468479156
audio-dataset/cats_dogs/dog_barking_107.wav,0,0.536529541015625,0.4794507324695587,0.4722374677658081,0.5586797595024109,0.5320245623588562,0.43298134207725525,0.4040648341178894,0.3775160610675812,0.32286185026168823,0.31368473172187805,0.4359842836856842,0.5626952648162842
audio-dataset/cats_dogs/cat_107.wav,1,0.31154555082321167,0.29225414991378784,0.3173213601112366,0.38641372323036194,0.486662358045578,0.6159785985946655,0.6088549494743347,0.587149977684021,0.557247519493103,0.4926338195800781,0.40928414463996887,0.34843090176582336
audio-dataset/cats_dogs/cat_113.wav,1,0.13193659484386444,0.1368304193019867,0.1612558364868164,0.17245545983314514,0.18275363743305206,0.19929757714271545,0.22524985671043396,0.28861376643180847,0.3907588720321655,0.48138782382011414,0.3151191473007202,0.1889544129371643
audio-dataset/cats_dogs/cat_112.wav,1,0.48916006088256836,0.22956611216068268,0.11486010253429413,0.10267174243927002,0.11777348071336746,0.09188881516456604,0.10657477378845215,0.11175616830587387,0.08735150843858719,0.12939956784248352,0.32262906432151794,0.6286093592643738
audio-dataset/cats_dogs/cat_106.wav,1,0.39278432726860046,0.33945971727371216,0.3561192750930786,0.3791413903236389,0.4318932294845581,0.5015169382095337,0.44353312253952026,0.4854399263858795,0.5125283598899841,0.4810938537120819,0.4135452210903168,0.37096714973449707
audio-dataset/cats_dogs/dog_barking_112.wav,0,0.1681043952703476,0.11627017706632614,0.09671126306056976,0.07026302814483643,0.09701654314994812,0.2778890132904053,0.5560243725776672,0.5722470283508301,0.3902988135814667,0.22765760123729706,0.1364617496728897,0.17378735542297363
audio-dataset/cats_dogs/dog_barking_106.wav,0,0.16300761699676514,0.1628921627998352,0.20408307015895844,0.2662445306777954,0.3231619894504547,0.36287444829940796,0.4730658233165741,0.537990152835846,0.40018129348754883,0.373619943857193,0.2915232479572296,0.22543655335903168
audio-dataset/cats_dogs/cat_83.wav,1,0.26955655217170715,0.16307862102985382,0.09349709004163742,0.09229733794927597,0.09525027871131897,0.056212231516838074,0.05175216495990753,0.13818331062793732,0.34008947014808655,0.4014722406864166,0.4147385060787201,0.37837013602256775
audio-dataset/cats_dogs/dog_barking_94.wav,0,0.06378454715013504,0.04542303830385208,0.03540477529168129,0.036982178688049316,0.03596533089876175,0.05343983322381973,0.08334829658269882,0.14463090896606445,0.37323981523513794,0.6078431010246277,0.5103159546852112,0.2162054032087326
audio-dataset/cats_dogs/cat_97.wav,1,0.38582828640937805,0.47726985812187195,0.4996950030326843,0.41875767707824707,0.3276859223842621,0.3202667236328125,0.29228922724723816,0.2144325226545334,0.18615999817848206,0.22064578533172607,0.27484995126724243,0.30690062046051025
audio-dataset/cats_dogs/dog_barking_80.wav,0,0.1333644539117813,0.2603227496147156,0.5257588028907776,0.6186690330505371,0.41782692074775696,0.28762322664260864,0.26369139552116394,0.17079928517341614,0.07846995443105698,0.06094112992286682,0.05888647958636284,0.07544880360364914
audio-dataset/cats_dogs/cat_68.wav,1,0.0,0.0,0.0,0.0,0.0,0.0,0.0,0.0,0.0,0.0,0.0,0.0
audio-dataset/cats_dogs/dog_barking_57.wav,0,0.4373686611652374,0.598327100276947,0.5743306279182434,0.36021286249160767,0.2085326462984085,0.19260701537132263,0.14663340151309967,0.09129401296377182,0.10383132845163345,0.1843118667602539,0.2124047577381134,0.26654836535453796
audio-dataset/cats_dogs/cat_40.wav,1,0.43645018339157104,0.3499789834022522,0.29490163922309875,0.20332111418247223,0.16094917058944702,0.16128568351268768,0.24482515454292297,0.37647518515586853,0.3466869592666626,0.2598475217819214,0.24661199748516083,0.32943716645240784
audio-dataset/cats_dogs/dog_barking_43.wav,0,0.24715225398540497,0.2995469570159912,0.3621084690093994,0.3938223421573639,0.40118199586868286,0.3766719400882721,0.45114898681640625,0.36681073904037476,0.2750168442726135,0.24962051212787628,0.1763453632593155,0.1959303468465805
audio-dataset/cats_dogs/cat_54.wav,1,0.14700552821159363,0.12003413587808609,0.15394379198551178,0.18544085323810577,0.31726935505867004,0.4436233341693878,0.3532520830631256,0.33674126863479614,0.17180493474006653,0.08867494016885757,0.09609939157962799,0.11853908747434616
audio-dataset/cats_dogs/cat_2.wav,1,0.3585532605648041,0.3563325107097626,0.38651809096336365,0.4173705279827118,0.33196988701820374,0.30399641394615173,0.34390130639076233,0.34010738134384155,0.29717472195625305,0.23125560581684113,0.25611019134521484,0.334765762090683
audio-dataset/cats_dogs/cat_42.wav,1,0.4832649827003479,0.4054969251155853,0.38473203778266907,0.40623193979263306,0.29864442348480225,0.17839184403419495,0.12700816988945007,0.13301296532154083,0.14081379771232605,0.1764650046825409,0.26389893889427185,0.41064146161079407
audio-dataset/cats_dogs/dog_barking_55.wav,0,0.23386208713054657,0.3958681523799896,0.5282092094421387,0.5133572220802307,0.23974168300628662,0.17376476526260376,0.16038911044597626,0.11980633437633514,0.09957946836948395,0.14408943057060242,0.23978294432163239,0.24856612086296082
audio-dataset/cats_dogs/cat_56.wav,1,0.09207835048437119,0.11832708865404129,0.10417760163545609,0.10864777117967606,0.483929306268692,0.7008947134017944,0.3071978986263275,0.09716717898845673,0.07185368239879608,0.07029449194669724,0.06348913908004761,0.07224179804325104
audio-dataset/cats_dogs/dog_barking_41.wav,0,0.6746730804443359,0.4943418800830841,0.32695895433425903,0.20636890828609467,0.17205479741096497,0.1480703204870224,0.11679872125387192,0.11719243228435516,0.09341594576835632,0.09871000051498413,0.2511904239654541,0.4508736729621887
audio-dataset/cats_dogs/dog_barking_69.wav,0,0.44847843050956726,0.5582165718078613,0.6427051424980164,0.5574710369110107,0.23564444482326508,0.11407560110092163,0.12652966380119324,0.10401422530412674,0.057751767337322235,0.09715619683265686,0.16668328642845154,0.27753639221191406
audio-dataset/cats_dogs/dog_barking_96.wav,0,0.3044862747192383,0.4903247058391571,0.594887912273407,0.5334250330924988,0.4724452793598175,0.2791707217693329,0.1844414323568344,0.1789504885673523,0.183855339884758,0.17594042420387268,0.15449044108390808,0.20452769100666046
audio-dataset/cats_dogs/cat_81.wav,1,0.17684140801429749,0.19953711330890656,0.24334368109703064,0.31252986192703247,0.3651542365550995,0.42598211765289307,0.5415484309196472,0.4209274649620056,0.22182072699069977,0.15478764474391937,0.1283579021692276,0.1472979187965393
audio-dataset/cats_dogs/dog_barking_82.wav,0,0.3918159306049347,0.4335192143917084,0.36593863368034363,0.2614900767803192,0.20028835535049438,0.19010481238365173,0.19047312438488007,0.1378631889820099,0.11566606909036636,0.1481870710849762,0.2581201195716858,0.3243068754673004
audio-dataset/cats_dogs/cat_95.wav,1,0.26331451535224915,0.30754855275154114,0.4035966098308563,0.5154044032096863,0.5462786555290222,0.2441665083169937,0.06684307008981705,0.06062353029847145,0.08265956491231918,0.10061948001384735,0.16068755090236664,0.301079124212265
audio-dataset/cats_dogs/dog_barking_110.wav,0,0.5942216515541077,0.5131046175956726,0.4123750627040863,0.33830273151397705,0.24851517379283905,0.1766357123851776,0.1931917369365692,0.2719990313053131,0.38060176372528076,0.5251135230064392,0.6183173060417175,0.6098881959915161
audio-dataset/cats_dogs/dog_barking_104.wav,0,0.29471972584724426,0.402004212141037,0.4906123876571655,0.5433825254440308,0.5703597664833069,0.35573849081993103,0.2608352303504944,0.19313442707061768,0.2343539148569107,0.23590265214443207,0.2718002498149872,0.27989473938941956
audio-dataset/cats_dogs/cat_110.wav,1,0.5051384568214417,0.47184115648269653,0.2614002525806427,0.16108375787734985,0.05159483104944229,0.060731884092092514,0.18754778802394867,0.2630910575389862,0.20687627792358398,0.0710030198097229,0.16420409083366394,0.37425047159194946
audio-dataset/cats_dogs/cat_138.wav,1,0.18276004493236542,0.2415698617696762,0.2612347900867462,0.11012887954711914,0.1101207509636879,0.11102695018053055,0.06208677589893341,0.11517295241355896,0.34593120217323303,0.6128846406936646,0.6961468458175659,0.29217901825904846
audio-dataset/cats_dogs/cat_139.wav,1,0.08175236731767654,0.05650031939148903,0.03938916698098183,0.09961824119091034,0.08541978150606155,0.049944180995225906,0.12124418467283249,0.19876238703727722,0.6978725790977478,0.706039309501648,0.2291867882013321,0.0686381459236145
audio-dataset/cats_dogs/cat_105.wav,1,0.34260204434394836,0.3188888430595398,0.25983795523643494,0.2933432459831238,0.3367457091808319,0.466357946395874,0.4793148934841156,0.4860777258872986,0.5852460265159607,0.6067004203796387,0.5129960775375366,0.39030325412750244
audio-dataset/cats_dogs/dog_barking_105.wav,0,0.404380202293396,0.46916788816452026,0.26532477140426636,0.15196406841278076,0.1482778936624527,0.19557882845401764,0.2526834011077881,0.44749999046325684,0.5431029796600342,0.4697378873825073,0.32294049859046936,0.2657335102558136
audio-dataset/cats_dogs/dog_barking_111.wav,0,0.4490608274936676,0.6777999401092529,0.6127737760543823,0.41122472286224365,0.34643614292144775,0.3305306136608124,0.30822014808654785,0.2427465319633484,0.286889910697937,0.4178141951560974,0.4546763002872467,0.41636621952056885
audio-dataset/cats_dogs/cat_94.wav,1,0.20386838912963867,0.2518685460090637,0.33283063769340515,0.4894365966320038,0.5615792870521545,0.22333218157291412,0.08798850327730179,0.14079338312149048,0.14895109832286835,0.0989222377538681,0.22944889962673187,0.2994648218154907
audio-dataset/cats_dogs/dog_barking_83.wav,0,0.42134779691696167,0.5174676775932312,0.5724475383758545,0.46325838565826416,0.2176697701215744,0.06985864788293839,0.04711243510246277,0.04619888588786125,0.024910615757107735,0.02896328642964363,0.12292791903018951,0.2923499643802643
audio-dataset/cats_dogs/cat_80.wav,1,0.23218819499015808,0.25978904962539673,0.26630184054374695,0.30469658970832825,0.31924349069595337,0.39132869243621826,0.4899740219116211,0.4007914066314697,0.22373166680335999,0.15758787095546722,0.16101643443107605,0.1623772531747818
audio-dataset/cats_dogs/dog_barking_97.wav,0,0.4255792498588562,0.333775132894516,0.214903324842453,0.14586269855499268,0.18924914300441742,0.30641764402389526,0.44489261507987976,0.4740440547466278,0.3354349434375763,0.25023627281188965,0.28092271089553833,0.33312544226646423
audio-dataset/cats_dogs/dog_barking_68.wav,0,0.24070589244365692,0.24269141256809235,0.20306991040706635,0.1699209064245224,0.19648872315883636,0.3129045069217682,0.47385019063949585,0.3004176914691925,0.24491003155708313,0.2980276346206665,0.2695794403553009,0.2467932254076004
audio-dataset/cats_dogs/dog_barking_40.wav,0,0.3939233124256134,0.358390212059021,0.30598950386047363,0.235393688082695,0.21335870027542114,0.289719820022583,0.2567886710166931,0.18459771573543549,0.21804271638393402,0.23204119503498077,0.29041582345962524,0.4085000157356262
audio-dataset/cats_dogs/cat_57.wav,1,0.23970790207386017,0.31497207283973694,0.33184611797332764,0.2341982126235962,0.1688905656337738,0.13705159723758698,0.1815474033355713,0.207095205783844,0.1993352174758911,0.2660881280899048,0.26989322900772095,0.18955664336681366
audio-dataset/cats_dogs/dog_barking_54.wav,0,0.4054996073246002,0.41631582379341125,0.4435306787490845,0.43284979462623596,0.3059336841106415,0.2409992814064026,0.2196269929409027,0.1772986501455307,0.09085340797901154,0.06480828672647476,0.15795105695724487,0.3362608551979065
audio-dataset/cats_dogs/cat_43.wav,1,0.3417704403400421,0.3982773721218109,0.5355516672134399,0.6320167779922485,0.48313286900520325,0.27000200748443604,0.15306402742862701,0.14441010355949402,0.15250244736671448,0.15642781555652618,0.2204454094171524,0.32348862290382385
audio-dataset/cats_dogs/cat_1.wav,1,0.32119593024253845,0.3437066674232483,0.41711491346359253,0.39394429326057434,0.3526167869567871,0.3783549964427948,0.41078460216522217,0.43515363335609436,0.3304956555366516,0.26337578892707825,0.26018619537353516,0.2830568850040436
audio-dataset/cats_dogs/cat_5.wav,1,0.4158198833465576,0.3665376603603363,0.28497186303138733,0.39504992961883545,0.49648746848106384,0.5791261792182922,0.4942794740200043,0.31244170665740967,0.2929326593875885,0.2916439473628998,0.2742457091808319,0.3024369478225708
audio-dataset/cats_dogs/dog_barking_78.wav,0,0.443745881319046,0.5709459781646729,0.6240345239639282,0.418337881565094,0.21653792262077332,0.1072131022810936,0.07391300797462463,0.05165185406804085,0.06671469658613205,0.11408276855945587,0.1704387068748474,0.30455946922302246
audio-dataset/cats_dogs/cat_47.wav,1,0.07988056540489197,0.012301118113100529,0.036896806210279465,0.05261802673339844,0.11579455435276031,0.19971132278442383,0.2315385937690735,0.16335739195346832,0.20299658179283142,0.277956485748291,0.47481805086135864,0.40246984362602234
audio-dataset/cats_dogs/dog_barking_50.wav,0,0.3620821237564087,0.34195229411125183,0.3984064757823944,0.3453814685344696,0.3274574279785156,0.29687052965164185,0.21242664754390717,0.12154190987348557,0.09417517483234406,0.13002529740333557,0.183382049202919,0.3099670708179474
audio-dataset/cats_dogs/cat_53.wav,1,0.2658528983592987,0.2910133898258209,0.3518659174442291,0.2772769331932068,0.2536148130893707,0.24253079295158386,0.1157984584569931,0.03544897213578224,0.06512056291103363,0.15771228075027466,0.2191624790430069,0.2693706154823303
audio-dataset/cats_dogs/dog_barking_44.wav,0,0.4056797921657562,0.4976426362991333,0.41523197293281555,0.42343130707740784,0.3909137547016144,0.27949437499046326,0.1617942452430725,0.09303586930036545,0.05045180022716522,0.03360828384757042,0.08295171707868576,0.18895722925662994
audio-dataset/cats_dogs/dog_barking_93.wav,0,0.29759687185287476,0.3417952060699463,0.47519785165786743,0.6618216037750244,0.5851378440856934,0.32885420322418213,0.19996602833271027,0.13689270615577698,0.11601191014051437,0.14657600224018097,0.20012374222278595,0.2239619642496109
audio-dataset/cats_dogs/cat_84.wav,1,0.2259223759174347,0.27573713660240173,0.3101475238800049,0.4613422751426697,0.46621811389923096,0.34733495116233826,0.26275452971458435,0.23455145955085754,0.18187324702739716,0.1339091807603836,0.14304663240909576,0.19967864453792572
audio-dataset/cats_dogs/dog_barking_87.wav,0,0.2068161815404892,0.32660043239593506,0.46550145745277405,0.5592410564422607,0.5289890170097351,0.5383345484733582,0.3174661695957184,0.13633134961128235,0.10847552865743637,0.09830252826213837,0.126078262925148,0.15704400837421417
audio-dataset/cats_dogs/cat_90.wav,1,0.15292370319366455,0.19178415834903717,0.21092386543750763,0.24506087601184845,0.2752566933631897,0.31443434953689575,0.4063909947872162,0.533665657043457,0.5369812846183777,0.43625161051750183,0.30349838733673096,0.18585729598999023
audio-dataset/cats_dogs/dog_barking_101.wav,0,0.28203609585762024,0.34340959787368774,0.4348025619983673,0.5192087292671204,0.5933252573013306,0.6156296730041504,0.5512067675590515,0.41227689385414124,0.2579026520252228,0.16759543120861053,0.1656961590051651,0.2177024781703949
audio-dataset/cats_dogs/cat_129.wav,1,0.10215719789266586,0.061379313468933105,0.06127263233065605,0.08660340309143066,0.09274706989526749,0.1117105707526207,0.19051297008991241,0.4255146086215973,0.6970959305763245,0.6552110910415649,0.327332079410553,0.14216649532318115
audio-dataset/cats_dogs/cat_115.wav,1,0.5996547341346741,0.41509151458740234,0.2577854096889496,0.20694686472415924,0.19573163986206055,0.1942543238401413,0.2444656789302826,0.4701932370662689,0.5184353590011597,0.4092749059200287,0.4487047493457794,0.5363218188285828
audio-dataset/cats_dogs/cat_101.wav,1,0.1362728476524353,0.23061545193195343,0.29450711607933044,0.2996269166469574,0.2605503499507904,0.3623368442058563,0.49070456624031067,0.35408520698547363,0.20232778787612915,0.13977615535259247,0.11934291571378708,0.08980517834424973
audio-dataset/cats_dogs/cat_100.wav,1,0.06887940317392349,0.33087781071662903,0.688894510269165,0.530504584312439,0.16765549778938293,0.019870851188898087,0.006707460153847933,0.011420518159866333,0.018962405622005463,0.1729973554611206,0.15676960349082947,0.036542195826768875
audio-dataset/cats_dogs/cat_114.wav,1,0.5073463320732117,0.33735162019729614,0.23993434011936188,0.2095411866903305,0.19666564464569092,0.21457752585411072,0.29018014669418335,0.35309770703315735,0.39601317048072815,0.2906568944454193,0.23266057670116425,0.3965308964252472
audio-dataset/cats_dogs/cat_128.wav,1,0.4549284875392914,0.28706076741218567,0.23514346778392792,0.22991468012332916,0.210245743393898,0.2274324744939804,0.2238629162311554,0.23686346411705017,0.282842218875885,0.29684463143348694,0.2882837653160095,0.44318339228630066
audio-dataset/cats_dogs/dog_barking_100.wav,0,0.2764594852924347,0.2334929257631302,0.31545403599739075,0.5099657773971558,0.5735816359519958,0.5233282446861267,0.42814356088638306,0.33757176995277405,0.24368786811828613,0.21042880415916443,0.34168708324432373,0.4175910949707031
audio-dataset/cats_dogs/cat_91.wav,1,0.1910548359155655,0.16378524899482727,0.24812421202659607,0.5210793018341064,0.2681412398815155,0.0625656470656395,0.0997178927063942,0.23631879687309265,0.21850423514842987,0.3662435710430145,0.5956061482429504,0.40261605381965637
audio-dataset/cats_dogs/dog_barking_86.wav,0,0.388354629278183,0.39568987488746643,0.25485286116600037,0.1055293157696724,0.05583591014146805,0.05628502741456032,0.0876191034913063,0.1480688750743866,0.281074583530426,0.44070762395858765,0.49453556537628174,0.3941846489906311
audio-dataset/cats_dogs/cat_85.wav,1,0.07820411771535873,0.10471227765083313,0.029306964948773384,0.04005347937345505,0.18130800127983093,0.7431921362876892,0.6185652613639832,0.1527928113937378,0.1378285437822342,0.08181005716323853,0.025942595675587654,0.022221192717552185
audio-dataset/cats_dogs/dog_barking_92.wav,0,0.24790732562541962,0.2627006471157074,0.36658602952957153,0.5632933378219604,0.6378577947616577,0.4914056360721588,0.28715604543685913,0.18212994933128357,0.1366160660982132,0.1249098926782608,0.15047842264175415,0.18558527529239655
audio-dataset/cats_dogs/dog_barking_45.wav,0,0.6993252038955688,0.6435752511024475,0.4220074415206909,0.233621746301651,0.22036676108837128,0.13403260707855225,0.05344549939036369,0.025819318369030952,0.026659157127141953,0.06264635920524597,0.2027648240327835,0.40599527955055237
audio-dataset/cats_dogs/cat_52.wav,1,0.21838366985321045,0.0348624624311924,0.1280466467142105,0.11690153181552887,0.02052384987473488,0.1722993105649948,0.35632985830307007,0.06109543517231941,0.014513828791677952,0.06663258373737335,0.5073468685150146,0.8889469504356384
audio-dataset/cats_dogs/dog_barking_51.wav,0,0.7681990265846252,0.52363520860672,0.2859443724155426,0.15643835067749023,0.1204659640789032,0.09966395050287247,0.06019749492406845,0.06229647994041443,0.08704239130020142,0.19739551842212677,0.33818304538726807,0.44595250487327576
audio-dataset/cats_dogs/cat_46.wav,1,0.24591001868247986,0.13697251677513123,0.18682022392749786,0.24384620785713196,0.08697766065597534,0.14386343955993652,0.25178131461143494,0.16938243806362152,0.10008572787046432,0.10126398503780365,0.24255836009979248,0.3924861550331116
audio-dataset/cats_dogs/dog_barking_79.wav,0,0.11243583261966705,0.16587074100971222,0.24511539936065674,0.3603893220424652,0.5849602818489075,0.5431926250457764,0.3057331144809723,0.17802031338214874,0.08505887538194656,0.028054874390363693,0.025450125336647034,0.08226459473371506
audio-dataset/cats_dogs/cat_4.wav,1,0.05747830122709274,0.20514658093452454,0.5702757835388184,0.7025049924850464,0.34563806653022766,0.0621640607714653,0.008499762043356895,0.01708235777914524,0.013962248340249062,0.10445471853017807,0.1983175277709961,0.07194376736879349
audio-dataset/cats_dogs/cat_6.wav,1,0.43623465299606323,0.39625290036201477,0.39513924717903137,0.5049323439598083,0.5511538982391357,0.5258620381355286,0.4104786813259125,0.4069415330886841,0.476028174161911,0.38094571232795715,0.3275896906852722,0.4047187864780426
audio-dataset/cats_dogs/cat_78.wav,1,0.18214671313762665,0.15615032613277435,0.19521862268447876,0.21636724472045898,0.2605611979961395,0.29721128940582275,0.30768832564353943,0.3787236511707306,0.40508484840393066,0.4157818853855133,0.35223880410194397,0.25628748536109924
audio-dataset/cats_dogs/cat_50.wav,1,0.26477256417274475,0.22858920693397522,0.19644315540790558,0.18744352459907532,0.2576132118701935,0.31744563579559326,0.2299332171678543,0.17823894321918488,0.1735653132200241,0.16369614005088806,0.19919003546237946,0.25436216592788696
audio-dataset/cats_dogs/dog_barking_47.wav,0,0.6352382898330688,0.8554375171661377,0.8176127076148987,0.29239803552627563,0.11475106328725815,0.10000046342611313,0.04596838727593422,0.025003517046570778,0.04514399543404579,0.07640043646097183,0.12661761045455933,0.25726285576820374
audio-dataset/cats_dogs/cat_44.wav,1,0.3653511703014374,0.4808359444141388,0.5915773510932922,0.6717836856842041,0.4075641632080078,0.1716061234474182,0.11643709987401962,0.10871967673301697,0.12203402072191238,0.1550944447517395,0.2229560911655426,0.2853298783302307
audio-dataset/cats_dogs/dog_barking_53.wav,0,0.5324625372886658,0.5554881691932678,0.4678643047809601,0.2853592336177826,0.16957679390907288,0.1313505321741104,0.09331343322992325,0.10296232253313065,0.1394711285829544,0.23546813428401947,0.30863380432128906,0.41932928562164307
audio-dataset/cats_dogs/dog_barking_84.wav,0,0.09421106427907944,0.2630542814731598,0.5242857336997986,0.7220116257667542,0.43426933884620667,0.20486393570899963,0.17689542472362518,0.1448225975036621,0.06679738312959671,0.031149908900260925,0.044655799865722656,0.052637871354818344
audio-dataset/cats_dogs/cat_93.wav,1,0.4937022030353546,0.40593740344047546,0.26012542843818665,0.29548439383506775,0.4599153995513916,0.5629170536994934,0.4642205536365509,0.2770512104034424,0.26261529326438904,0.354221910238266,0.46613457798957825,0.5306849479675293
audio-dataset/cats_dogs/dog_barking_90.wav,0,0.617877185344696,0.41125917434692383,0.2225687950849533,0.15543194115161896,0.1320175677537918,0.12444031983613968,0.15502116084098816,0.2035282850265503,0.2879723608493805,0.37998533248901367,0.4651138484477997,0.657392680644989
audio-dataset/cats_dogs/cat_87.wav,1,0.3297329246997833,0.3022240102291107,0.31879135966300964,0.3113783299922943,0.32151737809181213,0.3292253017425537,0.39106491208076477,0.45614951848983765,0.4961601197719574,0.5123912692070007,0.4885646104812622,0.4125915467739105
audio-dataset/cats_dogs/dog_barking_102.wav,0,0.46715253591537476,0.5699422955513,0.7908533215522766,0.8055651187896729,0.5155006647109985,0.3754405975341797,0.2935292720794678,0.3348880410194397,0.40258917212486267,0.47322362661361694,0.42808055877685547,0.45087993144989014
audio-dataset/cats_dogs/cat_102.wav,1,0.05702468752861023,0.06891140341758728,0.044539328664541245,0.06309662014245987,0.21848267316818237,0.5452027320861816,0.8046664595603943,0.5532951354980469,0.22610419988632202,0.11356846243143082,0.08789414167404175,0.06527214497327805
audio-dataset/cats_dogs/cat_116.wav,1,0.19552446901798248,0.3271471858024597,0.5422580242156982,0.4802786707878113,0.280865877866745,0.22560915350914001,0.19038911163806915,0.23032259941101074,0.35571029782295227,0.34369760751724243,0.22401483356952667,0.17418649792671204
audio-dataset/cats_dogs/cat_117.wav,1,0.35956302285194397,0.328348308801651,0.25878623127937317,0.3887721598148346,0.38829344511032104,0.3200230002403259,0.3413621187210083,0.412044882774353,0.4721565842628479,0.38239845633506775,0.23130293190479279,0.2826691269874573
audio-dataset/cats_dogs/cat_103.wav,1,0.0920693650841713,0.058860767632722855,0.04025859385728836,0.03465773165225983,0.09534402936697006,0.2701396644115448,0.5294698476791382,0.7199957966804504,0.5102449655532837,0.26472800970077515,0.17578952014446259,0.150872603058815
audio-dataset/cats_dogs/dog_barking_103.wav,0,0.22769299149513245,0.10591734200716019,0.17271465063095093,0.1569650024175644,0.11130764335393906,0.11181512475013733,0.14471396803855896,0.2473544329404831,0.36338287591934204,0.42062637209892273,0.4010191261768341,0.4810548722743988
audio-dataset/cats_dogs/cat_86.wav,1,0.05672934278845787,0.08244147896766663,0.0737278163433075,0.04135837405920029,0.08875399082899094,0.31555211544036865,0.781438410282135,0.7184932231903076,0.15169616043567657,0.080384761095047,0.06438794732093811,0.057794518768787384
audio-dataset/cats_dogs/dog_barking_91.wav,0,0.48652657866477966,0.30102744698524475,0.19471848011016846,0.15425410866737366,0.16203521192073822,0.17265541851520538,0.15108126401901245,0.1763593852519989,0.28246790170669556,0.449191153049469,0.5733771920204163,0.63878333568573
audio-dataset/cats_dogs/cat_92.wav,1,0.12423375248908997,0.1342160403728485,0.1936941295862198,0.24558047950267792,0.3279761075973511,0.24669812619686127,0.14539822936058044,0.24776919186115265,0.37250781059265137,0.3358689546585083,0.2371300756931305,0.19740824401378632
audio-dataset/cats_dogs/dog_barking_85.wav,0,0.3923153877258301,0.5662879943847656,0.6973746418952942,0.545738935470581,0.2314358502626419,0.05547504499554634,0.039128657430410385,0.032244522124528885,0.02383246086537838,0.0429450161755085,0.09054068475961685,0.1961146593093872
audio-dataset/cats_dogs/dog_barking_52.wav,0,0.5017229914665222,0.5651906132698059,0.3968920111656189,0.17101185023784637,0.1371862143278122,0.19554929435253143,0.10515610873699188,0.13459672033786774,0.23814848065376282,0.38103100657463074,0.34043651819229126,0.2882853150367737
audio-dataset/cats_dogs/cat_45.wav,1,0.35473307967185974,0.3685898184776306,0.29863300919532776,0.26381736993789673,0.3172094523906708,0.4044348895549774,0.4561687707901001,0.39524051547050476,0.25403502583503723,0.16978105902671814,0.20822282135486603,0.3327179551124573
audio-dataset/cats_dogs/dog_barking_46.wav,0,0.3874642550945282,0.443052738904953,0.50017911195755,0.44894275069236755,0.2970748841762543,0.24441835284233093,0.24397137761116028,0.06935629993677139,0.04223018139600754,0.12288931757211685,0.25484153628349304,0.31649184226989746
audio-dataset/cats_dogs/cat_51.wav,1,0.33173155784606934,0.2601059675216675,0.2390870302915573,0.21780262887477875,0.244769886136055,0.2546840012073517,0.18036991357803345,0.16190186142921448,0.14586156606674194,0.18549616634845734,0.27209198474884033,0.30235016345977783
audio-dataset/cats_dogs/cat_79.wav,1,0.1183440238237381,0.10022316873073578,0.16011634469032288,0.35924482345581055,0.42519354820251465,0.15888705849647522,0.09189056605100632,0.10328510403633118,0.12920647859573364,0.2916538417339325,0.3776584267616272,0.29203900694847107
audio-dataset/cats_dogs/cat_7.wav,1,0.39655905961990356,0.39205431938171387,0.41227027773857117,0.4652574956417084,0.44418641924858093,0.4033268988132477,0.4407646954059601,0.5971666574478149,0.6112018823623657,0.520899772644043,0.4409138560295105,0.43619322776794434
